"name","numberOfCores","memoryInMB","linuxPrice","windowsPrice","bestPriceRegion"
"Basic_A0",1,0.75,"0.0180","0.0180","Korea South / -11.1%"
"Basic_A1",1,1.75,"0.0230","0.0320","US Gov Virginia / -5.2%"
"Basic_A2",2,3.5,"0.0790","0.1330","US Gov Virginia / -21.8%"
"Basic_A3",4,7,"0.1760","0.2960","US Gov AZ / -9.1%"
"Basic_A4",8,14,"0.3520","0.5920","US Gov TX / -9.1%"
"Standard_A0",1,0.75,"0.0200","0.0200","Korea South / -10%"
"Standard_A1",1,1.75,"0.0600","0.0900","West Central US / -15%"
"Standard_A1_v2",1,2,"0.0430","0.0650","West US 2 / -16.3%"
"Standard_A2",2,3.5,"0.1200","0.1800","West Central US / -15.8%"
"Standard_A2_v2",2,4,"0.0903","0.1360","West US 2 / -16.3%"
"Standard_A2m_v2",2,16,"0.1190","0.1800","West US 3 / -16.8%"
"Standard_A3",4,7,"0.2400","0.3600","West Central US / -15.8%"
"Standard_A4",8,14,"0.4800","0.7200","West Central US / -15.6%"
"Standard_A4_v2",4,8,"0.1910","0.2860","West US 3 / -16.8%"
"Standard_A4m_v2",4,32,"0.2370","0.3600","West US 2 / -16%"
"Standard_A5",2,14,"0.2500","0.3300","Korea South / -38%"
"Standard_A6",4,28,"0.5000","0.6600","Korea South / -38.2%"
"Standard_A7",8,56,"1.0000","1.3200","Korea South / -38.2%"
"Standard_A8_v2",8,16,"0.3990","0.6000","West US 3 / -16.5%"
"Standard_A8m_v2",8,64,"0.4750","0.7200","West US 2 / -16.4%"
"Standard_B12ms",12,48,"0.4990","0.5470","West US 3 / 0%"
"Standard_B16als_v2",16,32,"0.5330","0.6060","Jio India West / -34.5%"
"Standard_B16as_v2",16,64,"0.6750","0.6750","Jio India West / -41.6%"
"Standard_B16ls_v2",16,32,"0.6630","0.6630","Spain Central / -87.8%"
"Standard_B16ms",16,64,"0.6660","0.7300","East US 2 / 0%"
"Standard_B16pls_v2",16,32,"0.5500","0.5500","Jio India West / -42.4%"
"Standard_B16ps_v2",16,64,"0.6110","0.6110","Jio India West / -41.4%"
"Standard_B16s_v2",16,64,"0.7390","0.7390","Spain Central / -87.7%"
"Standard_B1ls",1,0.5,"0.0052","0.0092","West US 3 / 0%"
"Standard_B1ms",1,2,"0.0207","0.0246","West US 3 / 0%"
"Standard_B1s",1,1,"0.0104","0.0140","East US 2 / 0%"
"Standard_B20ms",20,80,"0.8320","0.9120","East US 2 / 0%"
"Standard_B2als_v2",2,4,"0.0468","0.0468","Jio India West / -47.4%"
"Standard_B2as_v2",2,8,"0.0844","0.0844","Central India / -30.8%"
"Standard_B2ats_v2",2,1,"0.0094","0.0186","Central India / -34.6%"
"Standard_B2ls_v2",2,4,"0.0416","0.0508","Spain Central / -86.3%"
"Standard_B2ms",2,8,"0.0832","0.0912","West US 2 / 0%"
"Standard_B2pls_v2",2,4,"0.0428","0.0428","Jio India West / -47.7%"
"Standard_B2ps_v2",2,8,"0.0672","0.0764","Central India / -33.3%"
"Standard_B2pts_v2",2,1,"0.0084","0.0176","Central India / -33.3%"
"Standard_B2s",2,4,"0.0416","0.0496","North Central US / 0%"
"Standard_B2s_v2",2,8,"0.0924","0.0924","Spain Central / -87.7%"
"Standard_B2ts_v2",2,1,"0.0196","0.0196","Spain Central / -92.7%"
"Standard_B32als_v2",32,64,"1.2130","1.2130","Jio India West / -30.4%"
"Standard_B32as_v2",32,128,"1.2030","1.3500","Jio India West / -34.6%"
"Standard_B32ls_v2",32,64,"1.3260","1.3260","Spain Central / -87.8%"
"Standard_B32s_v2",32,128,"1.4780","1.4780","Spain Central / -87.7%"
"Standard_B4als_v2",4,8,"0.1330","0.1520","Jio India West / -34.4%"
"Standard_B4as_v2",4,16,"0.1690","0.1690","Central India / -41.8%"
"Standard_B4ls_v2",4,8,"0.1660","0.1660","Spain Central / -87.8%"
"Standard_B4ms",4,16,"0.1660","0.1820","East US 2 / 0%"
"Standard_B4pls_v2",4,8,"0.1190","0.1370","Jio India West / -33.4%"
"Standard_B4ps_v2",4,16,"0.1530","0.1530","Jio India West / -41.4%"
"Standard_B4s_v2",4,16,"0.1660","0.1850","Spain Central / -86.3%"
"Standard_B8als_v2",8,16,"0.3030","0.3030","Jio India West / -42.6%"
"Standard_B8as_v2",8,32,"0.3380","0.3380","Jio India West / -41.7%"
"Standard_B8ls_v2",8,16,"0.3320","0.3320","Spain Central / -87.8%"
"Standard_B8ms",8,32,"0.3330","0.3650","East US / 0%"
"Standard_B8pls_v2",8,16,"0.2380","0.2750","Central India / -33.2%"
"Standard_B8ps_v2",8,32,"0.2690","0.3060","Jio India West / -33.5%"
"Standard_B8s_v2",8,32,"0.3330","0.3700","Spain Central / -86.3%"
"Standard_D1",1,3.5,"0.0770","0.1400","South Central US / -13%"
"Standard_D1_v2",1,3.5,"0.0730","0.1190","West US 3 / -21.9%"
"Standard_D11",2,14,"0.1930","0.2640","South Central US / -10.4%"
"Standard_D11_v2",2,14,"0.1850","0.2380","East US 2 / -19.5%"
"Standard_D12",4,28,"0.3860","0.5280","East US 2 / -10.1%"
"Standard_D12_v2",4,28,"0.3710","0.4760","West US 2 / -19.4%"
"Standard_D13",8,56,"0.7710","1.0560","East US 2 / -10%"
"Standard_D13_v2",8,56,"0.7410","0.9520","West US 2 / -19.3%"
"Standard_D14",16,112,"1.5420","2.1110","South Central US / -10.1%"
"Standard_D14_v2",16,112,"1.4820","1.9040","East US 2 / -19.3%"
"Standard_D15_v2",20,140,"1.8530","2.3800","West US 3 / -19.3%"
"Standard_D16_v3",16,64,"0.7680","1.5040","West US 2 / 0%"
"Standard_D16_v4",16,64,"0.7680","1.5040","East US / 0%"
"Standard_D16_v5",16,64,"0.7680","1.5040","North Central US / 0%"
"Standard_D16a_v4",16,64,"0.7680","1.5040","Jio India West / -35.8%"
"Standard_D16ads_v5",16,64,"1.5600","1.5600","North Central US / -47.2%"
"Standard_D16ads_v6",16,64,"0.9120","1.6480","Central India / -35.3%"
"Standard_D16alds_v6",16,32,"0.7620","1.4980","Central India / -35.3%"
"Standard_D16als_v6",16,32,"0.6430","1.3790","Central India / -35.3%"
"Standard_D16as_v4",16,64,"0.7680","1.5040","Central India / -35.8%"
"Standard_D16as_v5",16,64,"1.4240","1.4240","Central India / -68.8%"
"Standard_D16as_v6",16,64,"0.7260","1.4620","Central India / -35.4%"
"Standard_D16d_v4",16,64,"0.9040","1.6400","West US 3 / 0%"
"Standard_D16d_v5",16,64,"0.9040","1.6400","West US 2 / 0%"
"Standard_D16ds_v4",16,64,"0.9040","1.6400","East US 2 / 0%"
"Standard_D16ds_v5",16,64,"0.9040","1.6400","East US / 0%"
"Standard_D16lds_v5",16,32,"0.7680","1.5040","West US 3 / 0%"
"Standard_D16ls_v5",16,32,"0.6800","1.4160","West US 2 / 0%"
"Standard_D16pds_v5",16,64,"0.7230","1.4590","Central India / -33.2%"
"Standard_D16pds_v6",16,64,"0.7340","n/a","Central India / -34.2%"
"Standard_D16plds_v5",16,32,"0.6140","1.3500","Jio India West / -36.2%"
"Standard_D16plds_v6",16,32,"0.6240","n/a","Central India / -34.1%"
"Standard_D16pls_v5",16,32,"0.5440","1.2800","Central India / -37.3%"
"Standard_D16pls_v6",16,32,"0.4960","n/a","Central India / -34.3%"
"Standard_D16ps_v5",16,64,"0.6160","1.3520","Jio India West / -34.3%"
"Standard_D16ps_v6",16,64,"0.5620","n/a","Central India / -34.2%"
"Standard_D16s_v3",16,64,"0.7680","1.5040","West US 3 / 0%"
"Standard_D16s_v4",16,64,"0.7680","1.5040","West US 3 / 0%"
"Standard_D16s_v5",16,64,"0.7680","1.5040","East US 2 / 0%"
"Standard_D2",2,7,"0.1540","0.2800","East US 2 / -13%"
"Standard_D2_v2",2,7,"0.1460","0.2380","West US 3 / -21.9%"
"Standard_D2_v3",2,8,"0.0960","0.1880","West US 3 / 0%"
"Standard_D2_v4",2,8,"0.0960","0.1880","West US 3 / 0%"
"Standard_D2_v5",2,8,"0.0960","0.1880","West US 3 / 0%"
"Standard_D2a_v4",2,8,"0.0960","0.1880","Jio India West / -35.2%"
"Standard_D2ads_v5",2,8,"0.1030","0.1950","Central India / -34.9%"
"Standard_D2ads_v6",2,8,"0.1140","0.2060","Jio India West / -35.3%"
"Standard_D2alds_v6",2,4,"0.0952","0.1870","Central India / -35.3%"
"Standard_D2als_v6",2,4,"0.0804","0.1720","Central India / -35.3%"
"Standard_D2as_v4",2,8,"0.0960","0.1880","Central India / -35.2%"
"Standard_D2as_v5",2,8,"0.1780","0.1780","Central India / -68.8%"
"Standard_D2as_v6",2,8,"0.0908","0.1830","Jio India West / -35.5%"
"Standard_D2d_v4",2,8,"0.1130","0.2050","West US 3 / 0%"
"Standard_D2d_v5",2,8,"0.1130","0.2050","West US 2 / 0%"
"Standard_D2ds_v4",2,8,"0.1130","0.2050","East US 2 / 0%"
"Standard_D2ds_v5",2,8,"0.1130","0.2050","East US 2 / 0%"
"Standard_D2lds_v5",2,4,"0.0960","0.1880","West US 2 / 0%"
"Standard_D2ls_v5",2,4,"0.0850","0.1770","East US / 0%"
"Standard_D2pds_v5",2,8,"0.0904","0.1820","Central India / -33.2%"
"Standard_D2pds_v6",2,8,"0.0918","n/a","Central India / -34.2%"
"Standard_D2plds_v5",2,4,"0.0768","0.1690","Central India / -36.2%"
"Standard_D2plds_v6",2,4,"0.0780","n/a","Central India / -34.1%"
"Standard_D2pls_v5",2,4,"0.0680","0.1600","Central India / -37.4%"
"Standard_D2pls_v6",2,4,"0.0620","n/a","Central India / -34.2%"
"Standard_D2ps_v5",2,8,"0.0770","0.1690","Central India / -34.3%"
"Standard_D2ps_v6",2,8,"0.0702","n/a","Central India / -34.2%"
"Standard_D2s_v3",2,8,"0.0960","0.1880","West US 2 / 0%"
"Standard_D2s_v4",2,8,"0.0960","0.1880","East US 2 / 0%"
"Standard_D2s_v5",2,8,"0.0960","0.1880","West US 3 / 0%"
"Standard_D3",4,14,"0.3080","0.5600","East US 2 / -13%"
"Standard_D3_v2",4,14,"0.2930","0.4760","West US 2 / -21.8%"
"Standard_D32_v3",32,128,"1.5360","3.0080","East US 2 / 0%"
"Standard_D32_v4",32,128,"1.5360","3.0080","North Central US / 0%"
"Standard_D32_v5",32,128,"1.5360","3.0080","East US / 0%"
"Standard_D32a_v4",32,128,"1.5360","3.0080","Central India / -35.7%"
"Standard_D32ads_v5",32,128,"1.6480","3.1200","Jio India West / -34.8%"
"Standard_D32ads_v6",32,128,"1.8240","3.2960","Central India / -35.3%"
"Standard_D32alds_v6",32,64,"1.5230","2.9950","Central India / -35.3%"
"Standard_D32als_v6",32,64,"1.2860","2.7580","Central India / -35.3%"
"Standard_D32as_v4",32,128,"1.5360","3.0080","Central India / -35.7%"
"Standard_D32as_v5",32,128,"1.3760","2.8480","East US 2 / 0%"
"Standard_D32as_v6",32,128,"1.4530","2.9250","Central India / -35.4%"
"Standard_D32d_v4",32,128,"1.8080","3.2800","North Central US / 0%"
"Standard_D32d_v5",32,128,"1.8080","3.2800","West US 2 / 0%"
"Standard_D32ds_v4",32,128,"1.8080","3.2800","West US 2 / 0%"
"Standard_D32ds_v5",32,128,"1.8080","3.2800","West US 2 / 0%"
"Standard_D32lds_v5",32,64,"1.5360","3.0080","East US / 0%"
"Standard_D32ls_v5",32,64,"1.3600","2.8320","East US 2 / 0%"
"Standard_D32pds_v5",32,128,"1.4460","2.9180","Central India / -33.2%"
"Standard_D32pds_v6",32,128,"1.4690","n/a","Central India / -34.2%"
"Standard_D32plds_v5",32,64,"1.2290","2.7010","Central India / -36.2%"
"Standard_D32plds_v6",32,64,"1.2480","n/a","Central India / -34.1%"
"Standard_D32pls_v5",32,64,"1.0880","2.5600","Central India / -37.3%"
"Standard_D32pls_v6",32,64,"0.9920","n/a","Central India / -34.2%"
"Standard_D32ps_v5",32,128,"1.2320","2.7040","Central India / -34.3%"
"Standard_D32ps_v6",32,128,"1.1230","n/a","Central India / -34.2%"
"Standard_D32s_v3",32,128,"1.5360","3.0080","West US 3 / 0%"
"Standard_D32s_v4",32,128,"1.5360","3.0080","West US 3 / 0%"
"Standard_D32s_v5",32,128,"1.5360","3.0080","East US / 0%"
"Standard_D4",8,28,"0.6160","1.1200","South Central US / -13%"
"Standard_D4_v2",8,28,"0.5850","0.9520","East US 2 / -21.7%"
"Standard_D4_v3",4,16,"0.1920","0.3760","East US / 0%"
"Standard_D4_v4",4,16,"0.1920","0.3760","West US 3 / 0%"
"Standard_D4_v5",4,16,"0.1920","0.3760","East US 2 / 0%"
"Standard_D48_v3",48,192,"2.3040","4.5120","East US 2 / 0%"
"Standard_D48_v4",48,192,"2.3040","4.5120","West US 2 / 0%"
"Standard_D48_v5",48,192,"2.3040","4.5120","East US / 0%"
"Standard_D48a_v4",48,192,"2.3040","4.5120","Central India / -35.7%"
"Standard_D48ads_v5",48,192,"2.4720","4.6800","Central India / -34.9%"
"Standard_D48ads_v6",48,192,"2.7360","4.9440","Central India / -35.3%"
"Standard_D48alds_v6",48,96,"2.2850","4.4930","Jio India West / -35.3%"
"Standard_D48als_v6",48,96,"1.9300","4.1380","Central India / -35.3%"
"Standard_D48as_v4",48,192,"2.3040","4.5120","Jio India West / -35.7%"
"Standard_D48as_v5",48,192,"4.2720","4.2720","Central India / -68.8%"
"Standard_D48as_v6",48,192,"2.1790","4.3870","Central India / -35.5%"
"Standard_D48d_v4",48,192,"2.7120","4.9200","West US 3 / 0%"
"Standard_D48d_v5",48,192,"2.7120","4.9200","North Central US / 0%"
"Standard_D48ds_v4",48,192,"2.7120","4.9200","North Central US / 0%"
"Standard_D48ds_v5",48,192,"2.7120","4.9200","West US 3 / 0%"
"Standard_D48lds_v5",48,96,"2.3040","4.5120","North Central US / 0%"
"Standard_D48ls_v5",48,96,"2.0400","4.2480","West US 2 / 0%"
"Standard_D48pds_v5",48,192,"2.1700","4.3780","Jio India West / -33.2%"
"Standard_D48pds_v6",48,192,"2.2030","n/a","Central India / -34.2%"
"Standard_D48plds_v5",48,96,"1.8430","4.0510","Central India / -36.2%"
"Standard_D48plds_v6",48,96,"1.8720","n/a","Central India / -34.1%"
"Standard_D48pls_v5",48,96,"1.6320","3.8400","Jio India West / -37.4%"
"Standard_D48pls_v6",48,96,"1.4880","n/a","Central India / -34.2%"
"Standard_D48ps_v5",48,192,"1.8480","4.0560","Jio India West / -34.3%"
"Standard_D48ps_v6",48,192,"1.6850","n/a","Central India / -34.2%"
"Standard_D48s_v3",48,192,"2.3040","4.5120","West US 3 / 0%"
"Standard_D48s_v4",48,192,"2.3040","4.5120","East US / 0%"
"Standard_D48s_v5",48,192,"2.3040","4.5120","North Central US / 0%"
"Standard_D4a_v4",4,16,"0.1920","0.3760","Jio India West / -35.9%"
"Standard_D4ads_v5",4,16,"0.3900","0.3900","Jio India West / -65.6%"
"Standard_D4ads_v6",4,16,"0.2280","0.4120","Central India / -35.1%"
"Standard_D4alds_v6",4,8,"0.1900","0.3740","Jio India West / -35.3%"
"Standard_D4als_v6",4,8,"0.1610","0.3450","Jio India West / -35.4%"
"Standard_D4as_v4",4,16,"0.1920","0.3760","Central India / -35.9%"
"Standard_D4as_v5",4,16,"0.1720","0.3560","West US 2 / 0%"
"Standard_D4as_v6",4,16,"0.1820","0.3660","Jio India West / -35.7%"
"Standard_D4d_v4",4,16,"0.2260","0.4100","East US / 0%"
"Standard_D4d_v5",4,16,"0.2260","0.4100","East US 2 / 0%"
"Standard_D4ds_v4",4,16,"0.2260","0.4100","East US / 0%"
"Standard_D4ds_v5",4,16,"0.2260","0.4100","East US / 0%"
"Standard_D4lds_v5",4,8,"0.1920","0.3760","West US 2 / 0%"
"Standard_D4ls_v5",4,8,"0.1700","0.3540","East US 2 / 0%"
"Standard_D4pds_v5",4,16,"0.1810","0.3650","Jio India West / -33.1%"
"Standard_D4pds_v6",4,16,"0.1840","n/a","Central India / -34.2%"
"Standard_D4plds_v5",4,8,"0.1540","0.3380","Central India / -36.4%"
"Standard_D4plds_v6",4,8,"0.1560","n/a","Central India / -34%"
"Standard_D4pls_v5",4,8,"0.1360","0.3200","Central India / -37.4%"
"Standard_D4pls_v6",4,8,"0.1240","n/a","Central India / -34.2%"
"Standard_D4ps_v5",4,16,"0.1540","0.3380","Central India / -34.4%"
"Standard_D4ps_v6",4,16,"0.1400","n/a","Central India / -34%"
"Standard_D4s_v3",4,16,"0.1920","0.3760","East US 2 / 0%"
"Standard_D4s_v4",4,16,"0.1920","0.3760","North Central US / 0%"
"Standard_D4s_v5",4,16,"0.1920","0.3760","East US 2 / 0%"
"Standard_D5_v2",16,56,"1.1700","1.9040","West US 2 / -21.7%"
"Standard_D64_v3",64,256,"3.0720","6.0160","West US 2 / 0%"
"Standard_D64_v4",64,256,"3.0720","6.0160","West US 2 / 0%"
"Standard_D64_v5",64,256,"3.0720","6.0160","North Central US / 0%"
"Standard_D64a_v4",64,256,"3.0720","6.0160","Jio India West / -35.7%"
"Standard_D64ads_v5",64,256,"3.2960","6.2400","Central India / -34.9%"
"Standard_D64ads_v6",64,256,"3.6480","6.5920","Central India / -35.3%"
"Standard_D64alds_v6",64,128,"3.0460","5.9900","Jio India West / -35.3%"
"Standard_D64als_v6",64,128,"2.5730","5.5170","Jio India West / -35.3%"
"Standard_D64as_v4",64,256,"3.0720","6.0160","Central India / -35.7%"
"Standard_D64as_v5",64,256,"2.7520","5.6960","West US 3 / 0%"
"Standard_D64as_v6",64,256,"2.9060","5.8500","Jio India West / -35.5%"
"Standard_D64d_v4",64,256,"3.6160","6.5600","West US 2 / 0%"
"Standard_D64d_v5",64,256,"3.6160","6.5600","West US 3 / 0%"
"Standard_D64ds_v4",64,256,"3.6160","6.5600","West US 3 / 0%"
"Standard_D64ds_v5",64,256,"3.6160","6.5600","West US 2 / 0%"
"Standard_D64lds_v5",64,128,"3.0720","6.0160","West US 2 / 0%"
"Standard_D64ls_v5",64,128,"2.7200","5.6640","Central India / 0%"
"Standard_D64pds_v5",64,208,"2.8930","5.8370","Central India / -33.2%"
"Standard_D64pds_v6",64,256,"2.9380","n/a","Central India / -34.2%"
"Standard_D64plds_v5",64,128,"2.4580","5.4020","Central India / -36.2%"
"Standard_D64plds_v6",64,128,"2.4960","n/a","Central India / -34.1%"
"Standard_D64pls_v5",64,128,"2.1760","5.1200","Jio India West / -37.4%"
"Standard_D64pls_v6",64,128,"1.9840","n/a","Central India / -34.2%"
"Standard_D64ps_v5",64,208,"2.4640","5.4080","Central India / -34.3%"
"Standard_D64ps_v6",64,256,"2.2460","n/a","Central India / -34.2%"
"Standard_D64s_v3",64,256,"3.0720","6.0160","East US 2 / 0%"
"Standard_D64s_v4",64,256,"3.0720","6.0160","East US / 0%"
"Standard_D64s_v5",64,256,"3.0720","6.0160","East US 2 / 0%"
"Standard_D8_v3",8,32,"0.3840","0.7520","West US 2 / 0%"
"Standard_D8_v4",8,32,"0.3840","0.7520","North Central US / 0%"
"Standard_D8_v5",8,32,"0.3840","0.7520","West US 2 / 0%"
"Standard_D8a_v4",8,32,"0.3840","0.7520","Central India / -35.9%"
"Standard_D8ads_v5",8,32,"0.7800","0.7800","Central India / -65.6%"
"Standard_D8ads_v6",8,32,"0.4560","0.8240","Central India / -35.3%"
"Standard_D8alds_v6",8,16,"0.3810","0.7490","Jio India West / -35.4%"
"Standard_D8als_v6",8,16,"0.3220","0.6900","Jio India West / -35.4%"
"Standard_D8as_v4",8,32,"0.3840","0.7520","Central India / -35.9%"
"Standard_D8as_v5",8,32,"0.7120","0.7120","Jio India West / -68.8%"
"Standard_D8as_v6",8,32,"0.3630","0.7310","Jio India West / -35.5%"
"Standard_D8d_v4",8,32,"0.4520","0.8200","West US 2 / 0%"
"Standard_D8d_v5",8,32,"0.4520","0.8200","West US 2 / 0%"
"Standard_D8ds_v4",8,32,"0.4520","0.8200","North Central US / 0%"
"Standard_D8ds_v5",8,32,"0.4520","0.8200","West US 3 / 0%"
"Standard_D8lds_v5",8,16,"0.3840","0.7520","East US 2 / 0%"
"Standard_D8ls_v5",8,16,"0.3400","0.7080","North Central US / 0%"
"Standard_D8pds_v5",8,32,"0.3620","0.7300","Central India / -33.1%"
"Standard_D8pds_v6",8,32,"0.3670","n/a","Central India / -34.1%"
"Standard_D8plds_v5",8,16,"0.3070","0.6750","Central India / -36.2%"
"Standard_D8plds_v6",8,16,"0.3120","n/a","Central India / -34%"
"Standard_D8pls_v5",8,16,"0.2720","0.6400","Central India / -37.5%"
"Standard_D8pls_v6",8,16,"0.2480","n/a","Central India / -34.3%"
"Standard_D8ps_v5",8,32,"0.3080","0.6760","Central India / -34.4%"
"Standard_D8ps_v6",8,32,"0.2810","n/a","Central India / -34.2%"
"Standard_D8s_v3",8,32,"0.3840","0.7520","East US / 0%"
"Standard_D8s_v4",8,32,"0.3840","0.7520","East US / 0%"
"Standard_D8s_v5",8,32,"0.3840","0.7520","East US 2 / 0%"
"Standard_D96_v5",96,384,"4.6080","9.0240","North Central US / 0%"
"Standard_D96a_v4",96,384,"4.6080","9.0240","Central India / -35.7%"
"Standard_D96ads_v5",96,384,"4.9440","9.3600","East US 2 / 0%"
"Standard_D96ads_v6",96,384,"5.4720","9.8880","Jio India West / -35.3%"
"Standard_D96alds_v6",96,192,"4.5700","8.9860","Jio India West / -35.3%"
"Standard_D96als_v6",96,192,"3.8590","8.2750","Jio India West / -35.3%"
"Standard_D96as_v4",96,384,"4.6080","9.0240","Jio India West / -35.7%"
"Standard_D96as_v5",96,384,"4.1280","8.5440","East US / 0%"
"Standard_D96as_v6",96,384,"4.3580","8.7740","Central India / -35.5%"
"Standard_D96d_v5",96,384,"5.4240","9.8400","East US 2 / 0%"
"Standard_D96ds_v5",96,384,"5.4240","9.8400","East US 2 / 0%"
"Standard_D96lds_v5",96,192,"4.6080","9.0240","East US / 0%"
"Standard_D96ls_v5",96,192,"4.0800","8.4960","West US 3 / 0%"
"Standard_D96pds_v6",96,384,"4.4060","n/a","Central India / -34.2%"
"Standard_D96plds_v6",96,192,"3.7440","n/a","Central India / -34.1%"
"Standard_D96pls_v6",96,192,"2.9760","n/a","Central India / -34.2%"
"Standard_D96ps_v6",96,384,"3.3700","n/a","Central India / -34.2%"
"Standard_D96s_v5",96,384,"4.6080","9.0240","West US 2 / 0%"
"Standard_DC16ads_cc_v5",16,64,"0.8240","1.5600","Jio India West / -34.8%"
"Standard_DC16ads_v5",16,64,"0.8240","1.5600","Jio India West / -34.8%"
"Standard_DC16as_cc_v5",16,64,"0.6880","1.4240","Jio India West / -35.5%"
"Standard_DC16as_v5",16,64,"0.6880","1.4240","Jio India West / -35.5%"
"Standard_DC16ds_v3",16,128,"1.8080","2.5440","Italy North / -41.6%"
"Standard_DC16s_v3",16,128,"1.5360","2.2720","Italy North / -41.7%"
"Standard_DC1ds_v3",1,8,"0.1130","0.1590","Italy North / -41.6%"
"Standard_DC1s_v2",1,4,"0.0960","0.1420","East US / 0%"
"Standard_DC1s_v3",1,8,"0.0960","0.1420","Italy North / -41.7%"
"Standard_DC24ds_v3",24,192,"2.7120","3.8160","Italy North / -41.6%"
"Standard_DC24s_v3",24,192,"2.3040","3.4080","Italy North / -41.7%"
"Standard_DC2ads_v5",2,8,"0.1030","0.1950","Central India / -34.9%"
"Standard_DC2as_v5",2,8,"0.0860","0.1780","Central India / -35.3%"
"Standard_DC2ds_v3",2,16,"0.2260","0.3180","Italy North / -41.6%"
"Standard_DC2s",2,8,"0.1980","0.2440","East US / 0%"
"Standard_DC2s_v2",2,8,"0.1920","0.2840","West US 2 / 0%"
"Standard_DC2s_v3",2,16,"0.1920","0.2840","Italy North / -41.7%"
"Standard_DC32ads_cc_v5",32,128,"1.6480","3.1200","Central India / -34.8%"
"Standard_DC32ads_v5",32,128,"1.6480","3.1200","Central India / -34.8%"
"Standard_DC32as_cc_v5",32,128,"1.3760","2.8480","Jio India West / -35.4%"
"Standard_DC32as_v5",32,128,"1.3760","2.8480","Jio India West / -35.4%"
"Standard_DC32ds_v3",32,256,"3.6160","5.0880","Italy North / -41.6%"
"Standard_DC32s_v3",32,256,"3.0720","4.5440","Italy North / -41.7%"
"Standard_DC48ads_cc_v5",48,192,"2.4720","4.6800","Jio India West / -34.9%"
"Standard_DC48ads_v5",48,192,"2.4720","4.6800","Jio India West / -34.9%"
"Standard_DC48as_cc_v5",48,192,"2.0640","4.2720","Central India / -35.4%"
"Standard_DC48as_v5",48,192,"2.0640","4.2720","Jio India West / -35.4%"
"Standard_DC48ds_v3",48,384,"5.4240","7.6320","Italy North / -41.6%"
"Standard_DC48s_v3",48,384,"4.6080","6.8160","Italy North / -41.7%"
"Standard_DC4ads_cc_v5",4,16,"0.2060","0.3900","Jio India West / -35%"
"Standard_DC4ads_v5",4,16,"0.2060","0.3900","Central India / -35%"
"Standard_DC4as_cc_v5",4,16,"0.1720","0.3560","Central India / -35.5%"
"Standard_DC4as_v5",4,16,"0.1720","0.3560","Jio India West / -35.5%"
"Standard_DC4ds_v3",4,32,"0.4520","0.6360","Italy North / -41.6%"
"Standard_DC4s",4,16,"0.3950","0.4870","Sweden Central / 0%"
"Standard_DC4s_v2",4,16,"0.3840","0.5680","East US / 0%"
"Standard_DC4s_v3",4,32,"0.3840","0.5680","Italy North / -41.7%"
"Standard_DC64ads_cc_v5",64,256,"3.2960","6.2400","Central India / -34.9%"
"Standard_DC64ads_v5",64,256,"3.2960","6.2400","Central India / -34.9%"
"Standard_DC64as_cc_v5",64,256,"2.7520","5.6960","Central India / -35.4%"
"Standard_DC64as_v5",64,256,"2.7520","5.6960","Jio India West / -35.4%"
"Standard_DC8_v2",8,32,"0.7680","1.1360","West US 2 / 0%"
"Standard_DC8ads_cc_v5",8,32,"0.4120","0.7800","Central India / -35%"
"Standard_DC8ads_v5",8,32,"0.4120","0.7800","Central India / -35%"
"Standard_DC8as_cc_v5",8,32,"0.3440","0.7120","Central India / -35.5%"
"Standard_DC8as_v5",8,32,"0.3440","0.7120","Jio India West / -35.5%"
"Standard_DC8ds_v3",8,64,"0.9040","1.2720","Italy North / -41.6%"
"Standard_DC8s_v3",8,64,"0.7680","1.1360","Italy North / -41.7%"
"Standard_DC96ads_cc_v5",96,384,"4.9440","9.3600","Jio India West / -34.9%"
"Standard_DC96ads_v5",96,384,"4.9440","9.3600","Jio India West / -34.9%"
"Standard_DC96as_cc_v5",96,384,"4.1280","8.5440","Jio India West / -35.4%"
"Standard_DC96as_v5",96,384,"4.1280","8.5440","Central India / -35.4%"
"Standard_DS1",1,3.5,"0.0770","0.1400","East US 2 / -13%"
"Standard_DS1_v2",1,3.5,"0.0730","0.1260","East US 2 / -21.9%"
"Standard_DS11",2,14,"0.1930","0.2640","East US 2 / -10.4%"
"Standard_DS11_v2",2,14,"0.1850","0.2640","East US 2 / -19.5%"
"Standard_DS11-1_v2",1,14,"0.1850","0.2640","West US 3 / -19.5%"
"Standard_DS12",4,28,"0.3860","0.5280","South Central US / -10.1%"
"Standard_DS12_v2",4,28,"0.3710","0.5280","West US 3 / -19.4%"
"Standard_DS12-1_v2",1,28,"0.3710","0.5280","West US 2 / -19.4%"
"Standard_DS12-2_v2",2,28,"0.3710","0.5280","West US 3 / -19.4%"
"Standard_DS13",8,56,"0.7710","1.0560","South Central US / -10%"
"Standard_DS13_v2",8,56,"0.7410","1.0560","West US 3 / -19.3%"
"Standard_DS13-2_v2",2,56,"0.7410","1.0560","East US 2 / -19.3%"
"Standard_DS13-4_v2",4,56,"0.7410","1.0560","West US 3 / -19.3%"
"Standard_DS14",16,112,"1.5420","2.1110","East US 2 / -10.1%"
"Standard_DS14_v2",16,112,"1.4820","2.1110","East US 2 / -19.3%"
"Standard_DS14-4_v2",4,112,"1.4820","2.1110","East US 2 / -19.3%"
"Standard_DS14-8_v2",8,112,"1.4820","2.1110","West US 2 / -19.3%"
"Standard_DS15_v2",20,140,"1.8530","2.6390","West US 2 / -19.3%"
"Standard_DS2",2,7,"0.1540","0.2800","South Central US / -13%"
"Standard_DS2_v2",2,7,"0.1460","0.2520","West US 2 / -21.9%"
"Standard_DS3",4,14,"0.3080","0.5600","East US 2 / -13%"
"Standard_DS3_v2",4,14,"0.2930","0.5040","West US 3 / -21.8%"
"Standard_DS4",8,28,"0.6160","1.1200","East US 2 / -13%"
"Standard_DS4_v2",8,28,"0.5850","1.0080","West US 2 / -21.7%"
"Standard_DS5_v2",16,56,"1.1700","2.0160","West US 3 / -21.7%"
"Standard_E104i_v5",104,672,"7.2070","11.9910","West US 3 / 0%"
"Standard_E104id_v5",104,672,"8.2370","13.0210","East US / 0%"
"Standard_E104ids_v5",104,672,"8.2370","13.0210","East US 2 / 0%"
"Standard_E104is_v5",104,672,"7.2070","11.9910","West US 3 / 0%"
"Standard_E112iads_v5",112,672,"8.0700","13.2220","Central India / -36.6%"
"Standard_E112ias_v5",112,672,"6.9610","12.1130","Central India / -36.7%"
"Standard_E112ibds_v5",112,672,"10.2870","15.4390","East US 2 / 0%"
"Standard_E112ibs_v5",112,672,"9.1780","14.3300","North Central US / 0%"
"Standard_E16_v3",16,128,"1.0080","1.7440","West US 2 / 0%"
"Standard_E16_v4",16,128,"1.0080","1.7440","North Central US / 0%"
"Standard_E16_v5",16,128,"1.0080","1.7440","East US / 0%"
"Standard_E16-4ads_v5",4,128,"1.0480","1.7840","North Central US / 0%"
"Standard_E16-4as_v4",4,128,"1.0080","1.7440","West US 2 / 0%"
"Standard_E16-4as_v5",4,128,"0.9040","1.6400","Central India / -36.7%"
"Standard_E16-4ds_v4",4,128,"1.1520","1.8880","North Central US / 0%"
"Standard_E16-4ds_v5",4,128,"1.1520","1.8880","East US 2 / 0%"
"Standard_E16-4s_v3",4,128,"1.0080","1.7440","North Central US / 0%"
"Standard_E16-4s_v4",4,128,"1.0080","1.7440","West US 3 / 0%"
"Standard_E16-4s_v5",4,128,"1.0080","1.7440","North Central US / 0%"
"Standard_E16-8ads_v5",8,128,"1.7840","1.7840","Jio India West / -62.8%"
"Standard_E16-8as_v4",8,128,"1.0080","1.7440","West US 2 / 0%"
"Standard_E16-8as_v5",8,128,"0.9040","1.6400","Central India / -36.7%"
"Standard_E16-8ds_v4",8,128,"1.1520","1.8880","West US 3 / 0%"
"Standard_E16-8ds_v5",8,128,"1.1520","1.8880","North Central US / 0%"
"Standard_E16-8s_v3",8,128,"1.0080","1.7440","West US 3 / 0%"
"Standard_E16-8s_v4",8,128,"1.0080","1.7440","West US 2 / 0%"
"Standard_E16-8s_v5",8,128,"1.0080","1.7440","North Central US / 0%"
"Standard_E16a_v4",16,128,"1.0080","1.7440","Jio India West / -37%"
"Standard_E16ads_v5",16,128,"1.0480","1.7840","Jio India West / -32.3%"
"Standard_E16ads_v6",16,128,"1.1620","1.8980","Central India / -35.5%"
"Standard_E16as_v4",16,128,"1.0080","1.7440","Central India / -37%"
"Standard_E16as_v5",16,128,"0.9040","1.6400","Central India / -36.7%"
"Standard_E16as_v6",16,128,"0.9540","1.6900","Jio India West / -35.4%"
"Standard_E16bds_v5",16,128,"1.3360","2.0720","North Central US / 0%"
"Standard_E16bs_v5",16,128,"1.1920","1.9280","North Central US / 0%"
"Standard_E16d_v4",16,128,"1.1520","1.8880","East US 2 / 0%"
"Standard_E16d_v5",16,128,"1.1520","1.8880","North Central US / 0%"
"Standard_E16ds_v4",16,128,"1.1520","1.8880","East US / 0%"
"Standard_E16ds_v5",16,128,"1.1520","1.8880","West US 2 / 0%"
"Standard_E16pds_v5",16,128,"0.9220","1.6580","Jio India West / -28.9%"
"Standard_E16pds_v6",16,128,"0.9360","n/a","Central India / -34.4%"
"Standard_E16ps_v5",16,128,"0.8060","1.5420","Central India / -35.5%"
"Standard_E16ps_v6",16,128,"0.7380","n/a","Central India / -34.3%"
"Standard_E16s_v3",16,128,"1.0080","1.7440","East US / 0%"
"Standard_E16s_v4",16,128,"1.0080","1.7440","East US 2 / 0%"
"Standard_E16s_v5",16,128,"1.0080","1.7440","West US 3 / 0%"
"Standard_E2_v3",2,16,"0.1260","0.2180","West US 3 / 0%"
"Standard_E2_v4",2,16,"0.1260","0.2180","East US 2 / 0%"
"Standard_E2_v5",2,16,"0.1260","0.2180","West US 3 / 0%"
"Standard_E20_v3",20,160,"1.2600","2.1800","East US / 0%"
"Standard_E20_v4",20,160,"1.2600","2.1800","East US 2 / 0%"
"Standard_E20_v5",20,160,"1.2600","2.1800","West US 3 / 0%"
"Standard_E20a_v4",20,160,"1.2600","2.1800","Central India / -37%"
"Standard_E20ads_v5",20,160,"1.3100","2.2300","Jio India West / -36.6%"
"Standard_E20ads_v6",20,160,"1.4520","2.3720","Jio India West / -35.4%"
"Standard_E20as_v4",20,160,"1.2600","2.1800","Jio India West / -37%"
"Standard_E20as_v5",20,160,"1.1300","2.0500","Jio India West / -32.7%"
"Standard_E20as_v6",20,160,"1.1920","2.1120","Central India / -35.4%"
"Standard_E20d_v4",20,160,"1.4400","2.3600","North Central US / 0%"
"Standard_E20d_v5",20,160,"1.4400","2.3600","East US / 0%"
"Standard_E20ds_v4",20,160,"1.4400","2.3600","East US / 0%"
"Standard_E20ds_v5",20,160,"1.4400","2.3600","West US 3 / 0%"
"Standard_E20pds_v5",20,160,"1.1520","2.0720","Central India / -28.8%"
"Standard_E20ps_v5",20,160,"1.0080","1.9280","Central India / -35.5%"
"Standard_E20s_v3",20,160,"1.2600","2.1800","West US 2 / 0%"
"Standard_E20s_v4",20,160,"1.2600","2.1800","West US 3 / 0%"
"Standard_E20s_v5",20,160,"1.2600","2.1800","East US 2 / 0%"
"Standard_E2a_v4",2,16,"0.1260","0.2180","Jio India West / -36.5%"
"Standard_E2ads_v5",2,16,"0.1770","0.2230","Jio India West / -53.1%"
"Standard_E2ads_v6",2,16,"0.1450","0.2370","Central India / -35.3%"
"Standard_E2as_v4",2,16,"0.1260","0.2180","Jio India West / -36.5%"
"Standard_E2as_v5",2,16,"0.1130","0.2050","Jio India West / -36.7%"
"Standard_E2as_v6",2,16,"0.1190","0.2110","Jio India West / -35.3%"
"Standard_E2bds_v5",2,16,"0.1670","0.2590","West US 2 / 0%"
"Standard_E2bs_v5",2,16,"0.1490","0.2410","North Central US / 0%"
"Standard_E2d_v4",2,16,"0.1440","0.2360","East US 2 / 0%"
"Standard_E2d_v5",2,16,"0.1440","0.2360","East US / 0%"
"Standard_E2ds_v4",2,16,"0.1440","0.2360","East US 2 / 0%"
"Standard_E2ds_v5",2,16,"0.1440","0.2360","East US 2 / 0%"
"Standard_E2pds_v5",2,16,"0.1150","0.2070","Jio India West / -28.7%"
"Standard_E2pds_v6",2,16,"0.1170","n/a","Central India / -34.4%"
"Standard_E2ps_v5",2,16,"0.1010","0.1930","Central India / -35.6%"
"Standard_E2ps_v6",2,16,"0.0922","n/a","Central India / -34.3%"
"Standard_E2s_v3",2,16,"0.1260","0.2180","West US 3 / 0%"
"Standard_E2s_v4",2,16,"0.1260","0.2180","West US 3 / 0%"
"Standard_E2s_v5",2,16,"0.1260","0.2180","West US 2 / 0%"
"Standard_E32_v3",32,256,"2.0160","3.4880","West US 3 / 0%"
"Standard_E32_v4",32,256,"2.0160","3.4880","West US 3 / 0%"
"Standard_E32_v5",32,256,"2.0160","3.4880","East US 2 / 0%"
"Standard_E32-16ads_v5",16,256,"2.0960","3.5680","Central India / -36.6%"
"Standard_E32-16as_v4",16,256,"2.0160","3.4880","West US 2 / 0%"
"Standard_E32-16as_v5",16,256,"3.2800","3.2800","West US 2 / -44.9%"
"Standard_E32-16ds_v4",16,256,"2.3040","3.7760","East US 2 / 0%"
"Standard_E32-16ds_v5",16,256,"2.3040","3.7760","East US / 0%"
"Standard_E32-16s_v3",16,256,"2.0160","3.4880","West US 3 / 0%"
"Standard_E32-16s_v4",16,256,"2.0160","3.4880","East US / 0%"
"Standard_E32-16s_v5",16,256,"2.0160","3.4880","East US 2 / 0%"
"Standard_E32-8ads_v5",8,256,"2.0960","3.5680","Central India / -36.6%"
"Standard_E32-8as_v4",8,256,"2.0160","3.4880","North Central US / 0%"
"Standard_E32-8as_v5",8,256,"1.8080","3.2800","Central India / -36.7%"
"Standard_E32-8ds_v4",8,256,"2.3040","3.7760","East US 2 / 0%"
"Standard_E32-8ds_v5",8,256,"2.3040","3.7760","East US 2 / 0%"
"Standard_E32-8s_v3",8,256,"2.0160","3.4880","West US 2 / 0%"
"Standard_E32-8s_v4",8,256,"2.0160","3.4880","West US 3 / 0%"
"Standard_E32-8s_v5",8,256,"2.0160","3.4880","West US 2 / 0%"
"Standard_E32a_v4",32,256,"2.0160","3.4880","Central India / -37%"
"Standard_E32ads_v5",32,256,"2.0960","3.5680","Central India / -36.6%"
"Standard_E32ads_v6",32,256,"2.3230","3.7950","Central India / -35.4%"
"Standard_E32as_v4",32,256,"2.0160","3.4880","Central India / -37%"
"Standard_E32as_v5",32,256,"1.8540","3.2800","Jio India West / -38.3%"
"Standard_E32as_v6",32,256,"1.9070","3.3790","Central India / -35.4%"
"Standard_E32bds_v5",32,256,"2.6720","4.1440","West US 2 / 0%"
"Standard_E32bs_v5",32,256,"2.3840","3.8560","East US 2 / 0%"
"Standard_E32d_v4",32,256,"2.3040","3.7760","East US 2 / 0%"
"Standard_E32d_v5",32,256,"2.3040","3.7760","West US 2 / 0%"
"Standard_E32ds_v4",32,256,"2.3040","3.7760","North Central US / 0%"
"Standard_E32ds_v5",32,256,"2.3040","3.7760","East US 2 / 0%"
"Standard_E32pds_v5",32,208,"1.8430","3.3150","Jio India West / -28.8%"
"Standard_E32pds_v6",32,256,"1.8720","n/a","Central India / -34.3%"
"Standard_E32ps_v5",32,208,"1.6130","3.0850","Central India / -35.5%"
"Standard_E32ps_v6",32,256,"1.4750","n/a","Central India / -34.2%"
"Standard_E32s_v3",32,256,"2.0160","3.4880","North Central US / 0%"
"Standard_E32s_v4",32,256,"2.0160","3.4880","West US 2 / 0%"
"Standard_E32s_v5",32,256,"2.0160","3.4880","North Central US / 0%"
"Standard_E4_v3",4,32,"0.2520","0.4360","West US 3 / 0%"
"Standard_E4_v4",4,32,"0.2520","0.4360","North Central US / 0%"
"Standard_E4_v5",4,32,"0.2520","0.4360","North Central US / 0%"
"Standard_E4-2ads_v5",2,32,"0.2620","0.4460","Central India / -36.6%"
"Standard_E4-2as_v4",2,32,"0.2520","0.4360","North Central US / 0%"
"Standard_E4-2as_v5",2,32,"0.2260","0.4100","Jio India West / -36.7%"
"Standard_E4-2ds_v4",2,32,"0.2880","0.4720","West US 2 / 0%"
"Standard_E4-2ds_v5",2,32,"0.2880","0.4720","West US 3 / 0%"
"Standard_E4-2s_v3",2,32,"0.2520","0.4360","West US 2 / 0%"
"Standard_E4-2s_v4",2,32,"0.2520","0.4360","West US 3 / 0%"
"Standard_E4-2s_v5",2,32,"0.2520","0.4360","East US 2 / 0%"
"Standard_E48_v3",48,384,"3.0240","5.2320","East US 2 / 0%"
"Standard_E48_v4",48,384,"3.0240","5.2320","West US 3 / 0%"
"Standard_E48_v5",48,384,"3.0240","5.2320","North Central US / 0%"
"Standard_E48a_v4",48,384,"3.0240","5.2320","Central India / -37%"
"Standard_E48ads_v5",48,384,"3.1440","5.3520","Jio India West / -36.6%"
"Standard_E48ads_v6",48,384,"3.4850","5.6930","Central India / -35.4%"
"Standard_E48as_v4",48,384,"3.0240","5.2320","Jio India West / -37%"
"Standard_E48as_v5",48,384,"2.7120","4.9200","Jio India West / -35%"
"Standard_E48as_v6",48,384,"2.8610","5.0690","Jio India West / -35.4%"
"Standard_E48bds_v5",48,384,"4.0080","6.2160","West US 3 / 0%"
"Standard_E48bs_v5",48,384,"3.5760","5.7840","West US 2 / 0%"
"Standard_E48d_v4",48,384,"3.4560","5.6640","West US 3 / 0%"
"Standard_E48d_v5",48,384,"3.4560","5.6640","East US / 0%"
"Standard_E48ds_v4",48,384,"3.4560","5.6640","West US 2 / 0%"
"Standard_E48ds_v5",48,384,"3.4560","5.6640","North Central US / 0%"
"Standard_E48pds_v6",48,384,"2.8080","n/a","Central India / -34.4%"
"Standard_E48ps_v6",48,384,"2.2130","n/a","Central India / -34.3%"
"Standard_E48s_v3",48,384,"3.0240","5.2320","West US 3 / 0%"
"Standard_E48s_v4",48,384,"3.0240","5.2320","West US 2 / 0%"
"Standard_E48s_v5",48,384,"3.0240","5.2320","East US / 0%"
"Standard_E4a_v4",4,32,"0.2520","0.4360","Central India / -37.3%"
"Standard_E4ads_v5",4,32,"0.3080","0.4460","Central India / -46.1%"
"Standard_E4ads_v6",4,32,"0.2900","0.4740","Jio India West / -35.2%"
"Standard_E4as_v4",4,32,"0.2520","0.4360","Jio India West / -37.3%"
"Standard_E4as_v5",4,32,"0.2260","0.4100","Central India / -36.7%"
"Standard_E4as_v6",4,32,"0.2380","0.4220","Central India / -35.3%"
"Standard_E4bds_v5",4,32,"0.3340","0.5180","North Central US / 0%"
"Standard_E4bs_v5",4,32,"0.2980","0.4820","East US / 0%"
"Standard_E4d_v4",4,32,"0.2880","0.4720","East US / 0%"
"Standard_E4d_v5",4,32,"0.2880","0.4720","East US / 0%"
"Standard_E4ds_v4",4,32,"0.2880","0.4720","East US 2 / 0%"
"Standard_E4ds_v5",4,32,"0.2880","0.4720","East US / 0%"
"Standard_E4pds_v5",4,32,"0.2300","0.4140","Central India / -28.7%"
"Standard_E4pds_v6",4,32,"0.2340","n/a","Central India / -34.2%"
"Standard_E4ps_v5",4,32,"0.2020","0.3860","Central India / -35.6%"
"Standard_E4ps_v6",4,32,"0.1840","n/a","Central India / -34.2%"
"Standard_E4s_v3",4,32,"0.2520","0.4360","West US 3 / 0%"
"Standard_E4s_v4",4,32,"0.2520","0.4360","West US 2 / 0%"
"Standard_E4s_v5",4,32,"0.2520","0.4360","East US / 0%"
"Standard_E64_v3",64,432,"3.6290","6.5730","East US / 0%"
"Standard_E64_v4",64,504,"4.0320","6.9760","East US / 0%"
"Standard_E64_v5",64,512,"4.0320","6.9760","West US 2 / 0%"
"Standard_E64-16ads_v5",16,512,"7.1360","7.1360","Jio India West / -62.8%"
"Standard_E64-16as_v4",16,512,"4.0320","6.9760","West US 2 / 0%"
"Standard_E64-16as_v5",16,512,"3.6160","6.5600","West US 2 / 0%"
"Standard_E64-16ds_v4",16,504,"4.6080","7.5520","East US / 0%"
"Standard_E64-16ds_v5",16,512,"4.6080","7.5520","West US 3 / 0%"
"Standard_E64-16s_v3",16,432,"3.6290","6.5730","West US 2 / 0%"
"Standard_E64-16s_v4",16,504,"4.0320","6.9760","West US 3 / 0%"
"Standard_E64-16s_v5",16,512,"4.0320","6.9760","West US 3 / 0%"
"Standard_E64-32ads_v5",32,512,"4.1920","7.1360","East US / 0%"
"Standard_E64-32as_v4",32,512,"4.0320","6.9760","US Gov Virginia / 0%"
"Standard_E64-32as_v5",32,512,"6.5600","6.5600","East US 2 / -44.9%"
"Standard_E64-32ds_v4",32,504,"4.6080","7.5520","West US 2 / 0%"
"Standard_E64-32ds_v5",32,512,"4.6080","7.5520","East US 2 / 0%"
"Standard_E64-32s_v3",32,432,"3.6290","6.5730","East US 2 / 0%"
"Standard_E64-32s_v4",32,504,"4.0320","6.9760","West US 3 / 0%"
"Standard_E64-32s_v5",32,512,"4.0320","6.9760","East US 2 / 0%"
"Standard_E64a_v4",64,512,"4.0320","6.9760","Central India / -37%"
"Standard_E64ads_v5",64,512,"4.2380","7.1360","Jio India West / -36.2%"
"Standard_E64ads_v6",64,512,"4.6460","7.5900","Central India / -35.4%"
"Standard_E64as_v4",64,512,"4.0320","6.9760","Jio India West / -37%"
"Standard_E64as_v5",64,512,"3.6620","6.5600","Central India / -36.3%"
"Standard_E64as_v6",64,512,"3.8140","6.7580","Central India / -35.4%"
"Standard_E64bds_v5",64,512,"5.3440","8.2880","West US 3 / 0%"
"Standard_E64bs_v5",64,512,"4.7680","7.7120","East US / 0%"
"Standard_E64d_v4",64,504,"4.6080","7.5520","North Central US / 0%"
"Standard_E64d_v5",64,512,"4.6080","7.5520","West US 3 / 0%"
"Standard_E64ds_v4",64,504,"4.6080","7.5520","West US 2 / 0%"
"Standard_E64ds_v5",64,512,"4.6080","7.5520","East US 2 / 0%"
"Standard_E64i_v3",64,432,"3.6290","6.5730","West US 2 / 0%"
"Standard_E64is_v3",64,432,"3.6290","6.5730","North Central US / 0%"
"Standard_E64pds_v6",64,512,"3.7440","n/a","Central India / -34.3%"
"Standard_E64ps_v6",64,512,"2.9500","n/a","Central India / -34.3%"
"Standard_E64s_v3",64,432,"3.6290","6.5730","West US 2 / 0%"
"Standard_E64s_v4",64,504,"4.0320","6.9760","West US 3 / 0%"
"Standard_E64s_v5",64,512,"4.0320","6.9760","West US 3 / 0%"
"Standard_E8_v3",8,64,"0.5040","0.8720","North Central US / 0%"
"Standard_E8_v4",8,64,"0.5040","0.8720","North Central US / 0%"
"Standard_E8_v5",8,64,"0.5040","0.8720","North Central US / 0%"
"Standard_E8-2ads_v5",2,64,"0.5240","0.8920","Central India / -36.6%"
"Standard_E8-2as_v4",2,64,"0.5040","0.8720","US Gov Virginia / 0%"
"Standard_E8-2as_v5",2,64,"0.8200","0.8200","Jio India West / -65.1%"
"Standard_E8-2ds_v4",2,64,"0.5760","0.9440","East US / 0%"
"Standard_E8-2ds_v5",2,64,"0.5760","0.9440","North Central US / 0%"
"Standard_E8-2s_v3",2,64,"0.5040","0.8720","West US 3 / 0%"
"Standard_E8-2s_v4",2,64,"0.5040","0.8720","North Central US / 0%"
"Standard_E8-2s_v5",2,64,"0.5040","0.8720","East US / 0%"
"Standard_E8-4ads_v5",4,64,"0.8920","0.8920","Central India / -62.8%"
"Standard_E8-4as_v4",4,64,"0.5040","0.8720","West US 3 / 0%"
"Standard_E8-4as_v5",4,64,"0.8200","0.8200","Jio India West / -65.1%"
"Standard_E8-4ds_v4",4,64,"0.5760","0.9440","West US 3 / 0%"
"Standard_E8-4ds_v5",4,64,"0.5760","0.9440","West US 2 / 0%"
"Standard_E8-4s_v3",4,64,"0.5040","0.8720","West US 2 / 0%"
"Standard_E8-4s_v4",4,64,"0.5040","0.8720","East US 2 / 0%"
"Standard_E8-4s_v5",4,64,"0.5040","0.8720","East US / 0%"
"Standard_E80ids_v4",80,504,"5.7600","9.4400","East US / 0%"
"Standard_E80is_v4",80,504,"5.0400","8.7200","West US 3 / 0%"
"Standard_E8a_v4",8,64,"0.5040","0.8720","Jio India West / -37.1%"
"Standard_E8ads_v5",8,64,"0.5240","0.8920","Central India / -27.9%"
"Standard_E8ads_v6",8,64,"0.5810","0.9490","Central India / -35.5%"
"Standard_E8as_v4",8,64,"0.5040","0.8720","Central India / -37.1%"
"Standard_E8as_v5",8,64,"0.4980","0.8200","Central India / -42.6%"
"Standard_E8as_v6",8,64,"0.4770","0.8450","Central India / -35.4%"
"Standard_E8bds_v5",8,64,"0.6680","1.0360","West US 3 / 0%"
"Standard_E8bs_v5",8,64,"0.5960","0.9640","East US 2 / 0%"
"Standard_E8d_v4",8,64,"0.5760","0.9440","West US 2 / 0%"
"Standard_E8d_v5",8,64,"0.5760","0.9440","North Central US / 0%"
"Standard_E8ds_v4",8,64,"0.5760","0.9440","East US 2 / 0%"
"Standard_E8ds_v5",8,64,"0.5760","0.9440","East US / 0%"
"Standard_E8pds_v5",8,64,"0.4610","0.8290","Jio India West / -28.9%"
"Standard_E8pds_v6",8,64,"0.4680","n/a","Central India / -34.4%"
"Standard_E8ps_v5",8,64,"0.4030","0.7710","Central India / -35.5%"
"Standard_E8ps_v6",8,64,"0.3690","n/a","Central India / -34.4%"
"Standard_E8s_v3",8,64,"0.5040","0.8720","North Central US / 0%"
"Standard_E8s_v4",8,64,"0.5040","0.8720","East US / 0%"
"Standard_E8s_v5",8,64,"0.5040","0.8720","West US 2 / 0%"
"Standard_E96_v5",96,672,"6.0480","10.4640","West US 2 / 0%"
"Standard_E96-24ads_v5",24,672,"6.2880","10.7040","Central India / -36.6%"
"Standard_E96-24as_v4",24,672,"6.0480","10.4640","East US / 0%"
"Standard_E96-24as_v5",24,672,"9.8400","9.8400","Central India / -65.1%"
"Standard_E96-24ds_v5",24,672,"6.9120","11.3280","East US / 0%"
"Standard_E96-24s_v5",24,672,"6.0480","10.4640","East US / 0%"
"Standard_E96-48ads_v5",48,672,"6.2880","10.7040","Central India / -36.6%"
"Standard_E96-48as_v4",48,672,"6.0480","10.4640","US Gov Virginia / 0%"
"Standard_E96-48as_v5",48,672,"5.4240","9.8400","Central India / -36.7%"
"Standard_E96-48ds_v5",48,672,"6.9120","11.3280","East US / 0%"
"Standard_E96-48s_v5",48,672,"6.0480","10.4640","West US 2 / 0%"
"Standard_E96a_v4",96,672,"6.0480","10.4640","Jio India West / -37%"
"Standard_E96ads_v5",96,672,"6.3340","10.7040","Central India / -37.1%"
"Standard_E96ads_v6",96,672,"6.9700","11.3860","Central India / -35.4%"
"Standard_E96as_v4",96,672,"6.0480","10.4640","Jio India West / -37%"
"Standard_E96as_v5",96,672,"5.4700","9.8400","Jio India West / -37.3%"
"Standard_E96as_v6",96,672,"5.7220","10.1380","Central India / -35.4%"
"Standard_E96bds_v5",96,672,"8.0160","12.4320","North Central US / 0%"
"Standard_E96bs_v5",96,672,"7.1520","11.5680","West US 2 / 0%"
"Standard_E96d_v5",96,672,"6.9120","11.3280","West US 3 / 0%"
"Standard_E96ds_v5",96,672,"6.9120","11.3280","East US / 0%"
"Standard_E96pds_v6",96,672,"5.6160","n/a","Central India / -34.4%"
"Standard_E96ps_v6",96,672,"4.4260","n/a","Central India / -34.3%"
"Standard_E96s_v5",96,672,"6.0480","10.4640","West US 3 / 0%"
"Standard_EC16ads_cc_v5",16,128,"1.0480","1.7840","Central India / -36.6%"
"Standard_EC16ads_v5",16,128,"1.0480","1.7840","Central India / -36.6%"
"Standard_EC16as_cc_v5",16,128,"0.9040","1.6400","Central India / -36.7%"
"Standard_EC16as_v5",16,128,"0.9040","1.6400","Central India / -36.7%"
"Standard_EC20ads_cc_v5",20,160,"1.3100","2.2300","Central India / -36.6%"
"Standard_EC20ads_v5",20,160,"1.3100","2.2300","Central India / -36.6%"
"Standard_EC20as_cc_v5",20,160,"1.1300","2.0500","Central India / -36.7%"
"Standard_EC20as_v5",20,160,"1.1300","2.0500","Jio India West / -36.7%"
"Standard_EC2ads_v5",2,16,"0.1310","0.2230","Jio India West / -36.6%"
"Standard_EC2as_v5",2,16,"0.1130","0.2050","Central India / -36.7%"
"Standard_EC32ads_cc_v5",32,192,"2.0960","3.5680","Central India / -36.6%"
"Standard_EC32ads_v5",32,192,"2.0960","3.5680","Jio India West / -36.6%"
"Standard_EC32as_cc_v5",32,192,"1.8080","3.2800","Central India / -36.7%"
"Standard_EC32as_v5",32,192,"1.8080","3.2800","Jio India West / -36.7%"
"Standard_EC48ads_cc_v5",48,384,"3.1440","5.3520","Central India / -36.6%"
"Standard_EC48ads_v5",48,384,"3.1440","5.3520","Jio India West / -36.6%"
"Standard_EC48as_cc_v5",48,384,"2.7120","4.9200","Central India / -36.7%"
"Standard_EC48as_v5",48,384,"2.7120","4.9200","Central India / -36.7%"
"Standard_EC4ads_cc_v5",4,32,"0.2620","0.4460","Central India / -36.6%"
"Standard_EC4ads_v5",4,32,"0.2620","0.4460","Central India / -36.6%"
"Standard_EC4as_cc_v5",4,32,"0.2260","0.4100","Central India / -36.7%"
"Standard_EC4as_v5",4,32,"0.2260","0.4100","Jio India West / -36.7%"
"Standard_EC64ads_cc_v5",64,512,"4.1920","7.1360","Central India / -36.6%"
"Standard_EC64ads_v5",64,512,"4.1920","7.1360","Jio India West / -36.6%"
"Standard_EC64as_cc_v5",64,512,"3.6160","6.5600","Central India / -36.7%"
"Standard_EC64as_v5",64,512,"3.6160","6.5600","Central India / -36.7%"
"Standard_EC8ads_cc_v5",8,64,"0.5240","0.8920","Jio India West / -36.6%"
"Standard_EC8ads_v5",8,64,"0.5240","0.8920","Central India / -36.6%"
"Standard_EC8as_cc_v5",8,64,"0.4520","0.8200","Jio India West / -36.7%"
"Standard_EC8as_v5",8,64,"0.4520","0.8200","Central India / -36.7%"
"Standard_EC96ads_cc_v5",96,672,"6.2880","10.7040","Jio India West / -36.6%"
"Standard_EC96ads_v5",96,672,"6.2880","10.7040","Central India / -36.6%"
"Standard_EC96as_cc_v5",96,672,"5.4240","9.8400","Jio India West / -36.7%"
"Standard_EC96as_v5",96,672,"5.4240","9.8400","Central India / -36.7%"
"Standard_EC96iads_v5",96,672,"6.9170","11.3330","Central India / -36.6%"
"Standard_EC96ias_v5",96,672,"5.9660","10.3820","Jio India West / -36.7%"
"Standard_F1",1,2,"0.0497","0.0957","Jio India West / -1.4%"
"Standard_F16",16,32,"0.7960","1.5320","Central India / -0.8%"
"Standard_F16als_v6",16,32,"0.9680","1.7040","Central India / -35.3%"
"Standard_F16ams_v6",16,128,"1.4320","2.1680","Central India / -35.4%"
"Standard_F16as_v6",16,64,"1.0930","1.8290","Central India / -35.4%"
"Standard_F16s",16,32,"0.7960","1.5320","Central India / -0.8%"
"Standard_F16s_v2",16,32,"0.6770","1.3020","West US 2 / 0%"
"Standard_F1s",1,2,"0.0497","0.0957","Jio India West / -1.4%"
"Standard_F2",2,4,"0.0990","0.1920","Central India / -0.2%"
"Standard_F2als_v6",2,4,"0.1210","0.2130","Jio India West / -35.4%"
"Standard_F2ams_v6",2,16,"0.1790","0.2710","Central India / -35.2%"
"Standard_F2as_v6",2,8,"0.1370","0.2290","Jio India West / -35.6%"
"Standard_F2s",2,4,"0.0990","0.1920","Jio India West / -0.2%"
"Standard_F2s_v2",2,4,"0.0846","0.1630","East US 2 / 0%"
"Standard_F32als_v6",32,64,"1.9360","3.4080","Jio India West / -35.4%"
"Standard_F32ams_v6",32,256,"2.8640","4.3360","Jio India West / -35.4%"
"Standard_F32as_v6",32,128,"2.1860","3.6580","Central India / -35.5%"
"Standard_F32s_v2",32,64,"1.3530","2.6040","West US 3 / 0%"
"Standard_F4",4,8,"0.1990","0.3830","Jio India West / -0.5%"
"Standard_F48als_v6",48,96,"2.9040","5.1120","Central India / -35.4%"
"Standard_F48ams_v6",48,384,"4.2960","6.5040","Central India / -35.4%"
"Standard_F48as_v6",48,192,"3.2780","5.4860","Jio India West / -35.4%"
"Standard_F48s_v2",48,96,"2.0300","4.2400","West US 2 / 0%"
"Standard_F4als_v6",4,8,"0.2420","0.4260","Jio India West / -35.5%"
"Standard_F4ams_v6",4,32,"0.3580","0.5420","Central India / -35.5%"
"Standard_F4as_v6",4,16,"0.2730","0.4570","Central India / -35.5%"
"Standard_F4s",4,8,"0.1990","0.3830","Central India / -0.5%"
"Standard_F4s_v2",4,8,"0.1690","0.3260","East US / 0%"
"Standard_F64als_v6",64,128,"3.8720","6.8160","Jio India West / -35.4%"
"Standard_F64ams_v6",64,512,"5.7280","8.6720","Jio India West / -35.4%"
"Standard_F64as_v6",64,256,"4.3710","7.3150","Central India / -35.4%"
"Standard_F64s_v2",64,128,"2.7060","5.2090","East US 2 / 0%"
"Standard_F72s_v2",72,144,"3.0450","5.8600","West US 3 / 0%"
"Standard_F8",8,16,"0.3980","0.7660","Jio India West / -0.8%"
"Standard_F8als_v6",8,16,"0.4840","0.8520","Jio India West / -35.3%"
"Standard_F8ams_v6",8,64,"0.7160","1.0840","Jio India West / -35.5%"
"Standard_F8as_v6",8,32,"0.5460","0.9140","Jio India West / -35.3%"
"Standard_F8s",8,16,"0.3980","0.7660","Central India / -0.8%"
"Standard_F8s_v2",8,16,"0.3380","0.6510","West US 2 / 0%"
"Standard_FX12mds",12,252,"1.1160","1.6680","West US 2 / 0%"
"Standard_FX24mds",24,504,"2.2320","3.3360","East US / 0%"
"Standard_FX36mds",36,756,"3.3480","5.0040","East US 2 / 0%"
"Standard_FX48mds",48,1008,"4.4640","6.6720","West US 2 / 0%"
"Standard_FX4mds",4,84,"0.3720","0.5560","East US 2 / 0%"
"Standard_H16",16,112,"1.8070","3.5080","West US 2 / -12%"
"Standard_H16m",16,224,"2.4220","4.6990","West US 2 / -12%"
"Standard_H16mr",16,224,"2.6640","5.1690","West US 2 / -12%"
"Standard_H16r",16,112,"1.9880","3.8580","West US 2 / -12%"
"Standard_H8",8,56,"0.9040","1.7540","West US 2 / -11.9%"
"Standard_H8m",8,112,"1.2110","2.3500","West US 2 / -12%"
"Standard_HB120-16rs_v2",16,456,"3.6000","9.1200","East US / 0%"
"Standard_HB120-16rs_v3",16,456,"3.6000","9.1200","West US 3 / 0%"
"Standard_HB120-32rs_v2",32,456,"3.6000","9.1200","West US 2 / 0%"
"Standard_HB120-32rs_v3",32,456,"3.6000","9.1200","West US 3 / 0%"
"Standard_HB120-64rs_v2",64,456,"3.6000","9.1200","West US 2 / 0%"
"Standard_HB120-64rs_v3",64,456,"3.6000","9.1200","East US / 0%"
"Standard_HB120-96rs_v2",96,456,"3.6000","9.1200","East US / 0%"
"Standard_HB120-96rs_v3",96,456,"3.6000","9.1200","East US / 0%"
"Standard_HB120rs_v2",120,456,"3.6000","9.1200","East US / 0%"
"Standard_HB120rs_v3",120,456,"3.6000","9.1200","East US / 0%"
"Standard_HB176-144rs_v4",144,768,"7.2000","15.2960","East US 2 / 0%"
"Standard_HB176-24rs_v4",24,768,"7.2000","15.2960","East US / 0%"
"Standard_HB176-48rs_v4",48,768,"7.2000","15.2960","East US / 0%"
"Standard_HB176-96rs_v4",96,768,"7.2000","15.2960","East US / 0%"
"Standard_HB176rs_v4",176,768,"7.2000","15.2960","East US 2 / 0%"
"Standard_HB60-15rs",15,228,"2.2800","5.0400","East US / 0%"
"Standard_HB60-30rs",30,228,"2.2800","5.0400","East US / 0%"
"Standard_HB60-45rs",45,228,"2.2800","5.0400","East US / 0%"
"Standard_HB60rs",60,228,"2.2800","5.0400","East US / 0%"
"Standard_HC44-16rs",16,352,"3.1680","5.1920","East US / 0%"
"Standard_HC44-32rs",32,352,"3.1680","5.1920","West US 2 / 0%"
"Standard_HC44rs",44,352,"3.1680","5.1920","East US / 0%"
"Standard_HX176-144rs",144,1408,"8.6400","16.7360","East US / 0%"
"Standard_HX176-24rs",24,1408,"8.6400","16.7360","East US 2 / 0%"
"Standard_HX176-48rs",48,1408,"8.6400","16.7360","East US 2 / 0%"
"Standard_HX176-96rs",96,1408,"8.6400","16.7360","East US / 0%"
"Standard_HX176rs",176,1408,"8.6400","16.7360","East US / 0%"
"Standard_L16as_v3",16,128,"1.2480","1.9840","East US 2 / 0%"
"Standard_L16s_v2",16,128,"1.2480","1.9840","West US 2 / 0%"
"Standard_L16s_v3",16,128,"1.3920","2.1280","East US / 0%"
"Standard_L32as_v3",32,256,"2.4960","3.9680","West US 3 / 0%"
"Standard_L32s_v2",32,256,"2.4960","3.9680","West US 3 / 0%"
"Standard_L32s_v3",32,256,"2.7840","4.2560","East US / 0%"
"Standard_L48as_v3",48,384,"3.7440","5.9520","West US 2 / 0%"
"Standard_L48s_v2",48,384,"3.7440","5.9520","East US / 0%"
"Standard_L48s_v3",48,384,"4.1760","6.3840","East US / 0%"
"Standard_L64as_v3",64,512,"4.9920","7.9360","West US 2 / 0%"
"Standard_L64s_v2",64,512,"4.9920","7.9360","West US 2 / 0%"
"Standard_L64s_v3",64,512,"5.5680","8.5120","East US / 0%"
"Standard_L80as_v3",80,640,"6.2400","9.9200","East US 2 / 0%"
"Standard_L80s_v2",80,640,"6.2400","9.9200","West US 2 / 0%"
"Standard_L80s_v3",80,640,"6.9600","10.6400","East US / 0%"
"Standard_L8as_v3",8,64,"0.6240","0.9920","East US 2 / 0%"
"Standard_L8s_v2",8,64,"0.6240","0.9920","East US 2 / 0%"
"Standard_L8s_v3",8,64,"0.6960","1.0640","East US / 0%"
"Standard_M128",128,2048,"13.3380","19.2260","East US / 0%"
"Standard_M128-32ms",32,3892,"26.6880","35.8140","West US 3 / 0%"
"Standard_M128-64ms",64,3892,"26.6880","35.8140","East US / 0%"
"Standard_M128bds_3_v3",128,2794,"45.9600","51.8500","West US 3 / -0%"
"Standard_M128bds_v3",128,1024,"11.7100","17.6000","East US / 0%"
"Standard_M128bs_v3",128,1024,"11.1600","14.1100","West US 2 / 0%"
"Standard_M128dms_v2",128,3892,"26.6900","32.5780","North Central US / 0%"
"Standard_M128ds_v2",128,2048,"13.3400","19.2280","East US 2 / 0%"
"Standard_M128m",128,3892,"26.6880","35.8140","West US 2 / 0%"
"Standard_M128ms",128,3892,"26.6880","35.8140","East US / 0%"
"Standard_M128ms_v2",128,3892,"26.2690","32.1570","East US / 0%"
"Standard_M128s",128,2048,"13.3380","19.2260","West US 2 / 0%"
"Standard_M128s_v2",128,2048,"12.9190","18.8070","West US 3 / 0%"
"Standard_M12ds_v3",12,240,"1.6300","2.1800","East US / 0%"
"Standard_M12s_v3",12,240,"1.5400","2.0900","East US 2 / 0%"
"Standard_M16-4ms",4,437.5,"3.0730","4.2138","West US 2 / 0%"
"Standard_M16-8ms",8,437.5,"3.0730","4.2138","East US 2 / 0%"
"Standard_M16bds_v3",16,128,"1.4600","2.2000","East US 2 / 0%"
"Standard_M16bs_v3",16,128,"1.4000","2.1300","West US 3 / -0.3%"
"Standard_M16ms",16,437.5,"3.0730","4.2138","East US 2 / 0%"
"Standard_M176bds_4_v3",176,3892,"62.8300","70.9300","West US 2 / 0%"
"Standard_M176bds_v3",176,1536,"16.1100","24.2000","East US / 0%"
"Standard_M176bs_v3",176,1536,"15.3400","19.4000","East US / 0%"
"Standard_M176ds_3_v3",176,2794,"19.0000","27.1000","East US 2 / 0%"
"Standard_M176ds_4_v3",176,3892,"26.4700","34.5600","East US 2 / 0%"
"Standard_M176s_3_v3",176,2794,"17.8800","25.9800","West US 2 / 0%"
"Standard_M176s_4_v3",176,3892,"24.9100","33.0000","East US 2 / 0%"
"Standard_M192idms_v2",192,4096,"32.0640","40.8960","East US 2 / 0%"
"Standard_M192ids_v2",192,2048,"16.0320","24.8640","North Central US / 0%"
"Standard_M192ims_v2",192,4096,"31.6430","40.4760","North Central US / 0%"
"Standard_M192is_v2",192,2048,"15.6110","24.4440","East US / 0%"
"Standard_M208ms_v2",208,5700,"44.6200","54.1880","North Central US / 0%"
"Standard_M208s_v2",208,2850,"22.3100","31.8780","East US / 0%"
"Standard_M24ds_v3",24,480,"3.2600","4.3700","East US 2 / 0%"
"Standard_M24s_v3",24,480,"3.0700","4.1800","East US 2 / 0%"
"Standard_M32-16ms",16,875,"6.1460","8.4276","East US / 0%"
"Standard_M32-8ms",8,875,"6.1460","8.4276","West US 2 / 0%"
"Standard_M32bds_v3",32,256,"2.9300","4.4000","North Central US / -0%"
"Standard_M32bs_v3",32,256,"2.7900","4.2600","West US 2 / 0%"
"Standard_M32dms_v2",32,875,"6.1460","7.6180","East US / 0%"
"Standard_M32ls",32,256,"2.8730","4.3450","East US 2 / 0%"
"Standard_M32ms",32,875,"6.1460","8.4276","West US 2 / 0%"
"Standard_M32ms_v2",32,875,"6.0410","7.5130","North Central US / 0%"
"Standard_M32ts",32,192,"2.7070","4.1790","West US 2 / 0%"
"Standard_M416-208ms_v2",208,11400,"99.1500","118.2900","East US 2 / 0%"
"Standard_M416-208s_v2",208,5700,"49.5800","68.7160","East US 2 / 0%"
"Standard_M416ds_6_v3",416,5696,"64.5183","83.6543","East US / 0%"
"Standard_M416ds_8_v3",416,7600,"86.0244","105.1604","East US 2 / 0%"
"Standard_M416ms_v2",416,11400,"99.1500","118.2900","North Central US / 0%"
"Standard_M416s_6_v3",416,5696,"61.4460","80.5820","East US 2 / 0%"
"Standard_M416s_8_v2",416,7600,"66.1100","85.2500","East US 2 / 0%"
"Standard_M416s_8_v3",416,7600,"81.9280","101.0640","East US 2 / 0%"
"Standard_M416s_v2",416,5700,"49.5800","68.7160","West US 3 / 0%"
"Standard_M48bds_v3",48,384,"4.3900","6.6000","East US 2 / 0%"
"Standard_M48bs_v3",48,384,"4.1800","6.3900","East US 2 / 0%"
"Standard_M48ds_1_v3",48,974,"6.6200","8.8300","North Central US / 0%"
"Standard_M48s_1_v3",48,974,"6.2300","8.4400","East US / 0%"
"Standard_M624ds_12_v3",624,11400,"129.0366","157.7406","West US 3 / -0%"
"Standard_M624s_12_v3",624,11400,"122.8920","151.5960","West US 3 / -0%"
"Standard_M64",64,1024,"6.6690","9.6130","East US 2 / 0%"
"Standard_M64-16ms",16,1792,"10.3370","14.6410","West US 3 / 0%"
"Standard_M64-32ms",32,1792,"10.3370","14.6410","West US 2 / 0%"
"Standard_M64bds_1_v3",64,1397,"22.9800","25.9200","West US 3 / -0%"
"Standard_M64bds_v3",64,512,"5.8600","8.8000","North Central US / -0%"
"Standard_M64bs_v3",64,512,"5.5800","8.5200","West US 2 / 0%"
"Standard_M64dms_v2",64,1792,"10.3400","13.2840","West US 3 / 0%"
"Standard_M64ds_v2",64,1024,"6.6690","9.6130","East US 2 / 0%"
"Standard_M64ls",64,512,"5.4150","8.3590","East US 2 / 0%"
"Standard_M64m",64,1792,"10.3370","14.6410","East US 2 / 0%"
"Standard_M64ms",64,1792,"10.3370","14.6410","West US 2 / 0%"
"Standard_M64ms_v2",64,1792,"10.1300","13.0730","North Central US / 0%"
"Standard_M64s",64,1024,"6.6690","9.6130","East US 2 / 0%"
"Standard_M64s_v2",64,1024,"6.4590","9.4030","West US 3 / 0%"
"Standard_M8-2ms",2,218.75,"1.5365","2.1069","West US 3 / -0%"
"Standard_M8-4ms",4,218.75,"1.5365","2.1069","West US 3 / -0%"
"Standard_M832ds_12_v3",832,11400,"141.9403","180.2123","West US 3 / -0%"
"Standard_M832ids_16_v3",832,15200,"172.0488","210.3208","West US 2 / 0%"
"Standard_M832is_16_v3",832,15200,"163.8560","202.1280","West US 2 / 0%"
"Standard_M832s_12_v3",832,11400,"135.1812","173.4532","West US 3 / -0%"
"Standard_M896ixds_32_v3",896,30400,"410.4000","451.6160","West US 2 / 0%"
"Standard_M8ms",8,218.75,"1.5365","2.1069","West US 3 / -0%"
"Standard_M96bds_2_v3",96,1946,"34.4700","38.8800","North Central US / -0%"
"Standard_M96bds_v3",96,768,"8.7900","13.2000","North Central US / -0%"
"Standard_M96bs_v3",96,768,"8.3700","12.7800","West US 2 / 0%"
"Standard_M96ds_1_v3",96,974,"9.9300","14.3400","West US 3 / 0%"
"Standard_M96ds_2_v3",96,1946,"13.2300","17.6500","West US 3 / 0%"
"Standard_M96s_1_v3",96,974,"9.3400","13.7600","West US 3 / 0%"
"Standard_M96s_2_v3",96,1946,"12.4500","16.8700","West US 3 / 0%"
"Standard_NC12",12,112,"1.8000","2.1680","West US 2 / 0%"
"Standard_NC12s_v2",12,224,"4.1400","4.9860","West US 2 / 0%"
"Standard_NC12s_v3",12,224,"6.1200","6.6720","East US / 0%"
"Standard_NC16as_T4_v3",16,110,"1.2040","1.9400","East US / 0%"
"Standard_NC24",24,224,"3.6000","4.3360","East US 2 / 0%"
"Standard_NC24ads_A100_v4",24,220,"3.6730","4.7770","West US 3 / 0%"
"Standard_NC24r",24,224,"3.9600","4.7700","East US 2 / 0%"
"Standard_NC24rs_v2",24,448,"9.1080","10.9710","East US / 0%"
"Standard_NC24rs_v3",24,448,"13.4600","14.5600","West US 2 / 0%"
"Standard_NC24s_v2",24,448,"8.2800","9.9720","East US / 0%"
"Standard_NC24s_v3",24,448,"12.2400","13.3440","East US 2 / 0%"
"Standard_NC40ads_H100_v5",40,320,"6.9800","8.8200","West US 3 / 0%"
"Standard_NC48ads_A100_v4",48,440,"7.3460","9.5540","East US 2 / 0%"
"Standard_NC4as_T4_v3",4,28,"0.5260","0.7100","North Central US / 0%"
"Standard_NC6",6,56,"0.9000","1.0840","East US 2 / 0%"
"Standard_NC64as_T4_v3",64,440,"4.3520","7.2960","North Central US / 0%"
"Standard_NC6s_v2",6,112,"2.0700","2.4930","East US / 0%"
"Standard_NC6s_v3",6,112,"3.0600","3.3360","West US 2 / 0%"
"Standard_NC80adis_H100_v5",80,640,"13.9600","17.6400","East US / 0%"
"Standard_NC8as_T4_v3",8,56,"0.7520","1.1200","West US 2 / 0%"
"Standard_NC96ads_A100_v4",96,880,"14.6920","19.1080","West US 2 / 0%"
"Standard_ND12s",12,224,"4.1400","4.9860","East US / 0%"
"Standard_ND24rs",24,448,"9.1080","10.9710","West US 2 / 0%"
"Standard_ND24s",24,448,"8.2800","9.9720","West US 2 / 0%"
"Standard_ND40rs_v2",40,672,"22.0320","23.8720","West US 2 / 0%"
"Standard_ND6s",6,112,"2.0700","2.4930","West US 2 / 0%"
"Standard_ND96amsr_A100_v4",96,1800,"32.7700","37.1860","West US 2 / 0%"
"Standard_ND96asr_v4",96,900,"27.1970","31.6130","West US 2 / 0%"
"Standard_ND96is_H100_v5",96,1900,"88.4880","92.9040","East US / 0%"
"Standard_ND96isr_H100_v5",96,1900,"98.3200","102.7360","West US 3 / 0%"
"Standard_NP10s",10,168,"1.6500","2.1100","West US 2 / 0%"
"Standard_NP20s",20,336,"3.3000","4.2200","East US / 0%"
"Standard_NP40s",40,672,"6.6000","8.4400","West US 2 / 0%"
"Standard_NV12",12,112,"2.2800","2.8800","West US 2 / -4.2%"
"Standard_NV12ads_A10_v5",12,110,"0.9080","1.4600","West US 2 / 0%"
"Standard_NV12ads_V710_v5",12,64,"1.4000","1.9520","East US / 0%"
"Standard_NV12s_v3",12,112,"1.1400","1.6920","West US / 0%"
"Standard_NV16as_v4",16,56,"0.9320","1.6680","East US 2 / 0%"
"Standard_NV18ads_A10_v5",18,220,"1.6000","2.4280","East US / 0%"
"Standard_NV24",24,224,"4.5600","5.7610","West US 2 / -4.2%"
"Standard_NV24ads_V710_v5",24,128,"2.8000","3.9040","East US / 0%"
"Standard_NV24s_v3",24,224,"2.2800","3.3840","West US 2 / 0%"
"Standard_NV32as_v4",32,112,"1.8640","3.3360","West US 2 / 0%"
"Standard_NV36adms_A10_v5",36,880,"4.5200","6.1760","East US / 0%"
"Standard_NV36ads_A10_v5",36,440,"3.2000","4.8560","West US 3 / 0%"
"Standard_NV48s_v3",48,448,"4.5600","6.7680","West US / 0%"
"Standard_NV4ads_V710_v5",4,16,"0.4670","0.6510","East US / 0%"
"Standard_NV4as_v4",4,14,"0.2330","0.4170","East US 2 / 0%"
"Standard_NV6",6,56,"1.1400","1.4400","West US 2 / -4.2%"
"Standard_NV6ads_A10_v5",6,55,"0.4540","0.7300","East US / 0%"
"Standard_NV72ads_A10_v5",72,880,"6.5200","9.8320","West US 2 / 0%"
"Standard_NV8ads_V710_v5",8,32,"0.9330","1.3010","East US / 0%"
"Standard_NV8as_v4",8,28,"0.4660","0.8340","East US 2 / 0%"
"Standard_PB6s",6,112,"0.8300","1.1060","East US / 0%"
